,Date,Value
0,1947-01-01,243.16400000000002
1,1947-02-01,-0.9346666666666579
2,1947-03-01,-0.9346666666666579
3,1947-04-01,-0.9346666666666579
4,1947-05-01,-1.2056666666666729
5,1947-06-01,-1.2056666666666729
6,1947-07-01,-1.2056666666666729
7,1947-08-01,-3.386666666666656
8,1947-09-01,-3.3866666666666845
9,1947-10-01,-3.386666666666656
10,1947-11-01,-1.9990000000000236
11,1947-12-01,-1.9990000000000236
12,1948-01-01,-1.9989999999999668
13,1948-02-01,-2.2749999999999773
14,1948-03-01,-2.2749999999999773
15,1948-04-01,-2.275000000000034
16,1948-05-01,-2.209666666666635
17,1948-06-01,-2.209666666666635
18,1948-07-01,-2.209666666666692
19,1948-08-01,-0.38999999999998636
20,1948-09-01,-0.38999999999998636
21,1948-10-01,-0.3900000000000432
22,1948-11-01,1.7773333333333312
23,1948-12-01,1.7773333333333312
24,1949-01-01,1.7773333333333312
25,1949-02-01,1.2276666666666642
26,1949-03-01,1.2276666666666642
27,1949-04-01,1.2276666666666642
28,1949-05-01,-0.5126666666666893
29,1949-06-01,-0.5126666666666893
30,1949-07-01,-0.5126666666666324
31,1949-08-01,0.7540000000000191
32,1949-09-01,0.7540000000000191
33,1949-10-01,0.7539999999999623
34,1949-11-01,-3.4003333333333217
35,1949-12-01,-3.4003333333333217
36,1950-01-01,-3.4003333333333217
37,1950-02-01,-3.1850000000000023
38,1950-03-01,-3.1850000000000023
39,1950-04-01,-3.1850000000000023
40,1950-05-01,-5.923333333333346
41,1950-06-01,-5.923333333333346
42,1950-07-01,-5.923333333333346
43,1950-08-01,-3.9306666666666388
44,1950-09-01,-3.9306666666666388
45,1950-10-01,-3.9306666666666956
46,1950-11-01,-5.351666666666688
47,1950-12-01,-5.351666666666688
48,1951-01-01,-5.351666666666631
49,1951-02-01,-2.6966666666666583
50,1951-03-01,-2.6966666666666583
51,1951-04-01,-2.6966666666666583
52,1951-05-01,-2.431666666666672
53,1951-06-01,-2.431666666666672
54,1951-07-01,-2.431666666666672
55,1951-08-01,-1.5976666666666688
56,1951-09-01,-1.5976666666666688
57,1951-10-01,-1.5976666666667256
58,1951-11-01,-1.2139999999999986
59,1951-12-01,-1.2139999999999986
60,1952-01-01,-1.2139999999999418
61,1952-02-01,-0.40333333333330756
62,1952-03-01,-0.40333333333330756
63,1952-04-01,-0.4033333333333644
64,1952-05-01,-2.223666666666645
65,1952-06-01,-2.223666666666645
66,1952-07-01,-2.223666666666702
67,1952-08-01,-4.370333333333349
68,1952-09-01,-4.370333333333349
69,1952-10-01,-4.370333333333292
70,1952-11-01,-2.3893333333333544
71,1952-12-01,-2.3893333333333544
72,1953-01-01,-2.3893333333333544
73,1953-02-01,-1.2563333333333162
74,1953-03-01,-1.2563333333333162
75,1953-04-01,-1.256333333333373
76,1953-05-01,0.19266666666669607
77,1953-06-01,0.19266666666669607
78,1953-07-01,0.19266666666663923
79,1953-08-01,1.733666666666636
80,1953-09-01,1.733666666666636
81,1953-10-01,1.733666666666693
82,1953-11-01,0.20833333333331439
83,1953-12-01,0.20833333333331439
84,1954-01-01,0.20833333333337123
85,1954-02-01,-0.25866666666667015
86,1954-03-01,-0.25866666666667015
87,1954-04-01,-0.2586666666666133
88,1954-05-01,-1.625
89,1954-06-01,-1.625
90,1954-07-01,-1.625
91,1954-08-01,-2.9126666666666665
92,1954-09-01,-2.9126666666666665
93,1954-10-01,-2.9126666666667234
94,1954-11-01,-4.446333333333314
95,1954-12-01,-4.446333333333314
96,1955-01-01,-4.446333333333371
97,1955-02-01,-2.819666666666649
98,1955-03-01,-2.819666666666649
99,1955-04-01,-2.819666666666649
100,1955-05-01,-2.8963333333333594
101,1955-06-01,-2.8963333333333594
102,1955-07-01,-2.8963333333333026
103,1955-08-01,-2.290333333333308
104,1955-09-01,-2.290333333333308
105,1955-10-01,-2.290333333333365
106,1955-11-01,-0.8846666666666465
107,1955-12-01,-0.8846666666666465
108,1956-01-01,-0.8846666666667033
109,1956-02-01,-2.0880000000000223
110,1956-03-01,-2.0880000000000223
111,1956-04-01,-2.0879999999999654
112,1956-05-01,-1.7269999999999754
113,1956-06-01,-1.7269999999999754
114,1956-07-01,-1.7270000000000323
115,1956-08-01,-3.090666666666664
116,1956-09-01,-3.090666666666664
117,1956-10-01,-3.0906666666667206
118,1956-11-01,-3.1053333333333057
119,1956-12-01,-3.1053333333333057
120,1957-01-01,-3.1053333333333626
121,1957-02-01,-0.7486666666666792
122,1957-03-01,-0.7486666666666792
123,1957-04-01,-0.7486666666666224
124,1957-05-01,-2.488333333333344
125,1957-06-01,-2.488333333333344
126,1957-07-01,-2.488333333333344
127,1957-08-01,1.5419999999999732
128,1957-09-01,1.5419999999999732
129,1957-10-01,1.54200000000003
130,1957-11-01,2.4413333333333185
131,1957-12-01,2.4413333333333185
132,1958-01-01,2.4413333333333753
133,1958-02-01,-1.4793333333333294
134,1958-03-01,-1.4793333333333294
135,1958-04-01,-1.4793333333333294
136,1958-05-01,-4.620999999999981
137,1958-06-01,-4.620999999999981
138,1958-07-01,-4.621000000000038
139,1958-08-01,-4.571333333333314
140,1958-09-01,-4.571333333333314
141,1958-10-01,-4.571333333333371
142,1958-11-01,-3.59166666666664
143,1958-12-01,-3.59166666666664
144,1959-01-01,-3.591666666666697
145,1959-02-01,-4.1076666666667165
146,1959-03-01,-4.10766666666666
147,1959-04-01,-4.10766666666666
148,1959-05-01,-0.7936666666666952
149,1959-06-01,-0.7936666666666952
150,1959-07-01,-0.7936666666665815
151,1959-08-01,-1.188666666666677
152,1959-09-01,-1.188666666666677
153,1959-10-01,-1.188666666666677
154,1959-11-01,-4.682666666666705
155,1959-12-01,-4.682666666666705
156,1960-01-01,-4.6826666666665915
157,1960-02-01,0.5226666666666233
158,1960-03-01,0.5226666666666233
159,1960-04-01,0.522666666666737
160,1960-05-01,-1.5080000000000382
161,1960-06-01,-1.5080000000000382
162,1960-07-01,-1.5079999999999245
163,1960-08-01,1.8023333333333085
164,1960-09-01,1.8023333333333085
165,1960-10-01,1.8023333333334222
166,1960-11-01,-1.606999999999971
167,1960-12-01,-1.606999999999971
168,1961-01-01,-1.6070000000000846
169,1961-02-01,-3.5090000000000146
170,1961-03-01,-3.5090000000000146
171,1961-04-01,-3.508999999999901
172,1961-05-01,-4.039666666666676
173,1961-06-01,-4.039666666666676
174,1961-07-01,-4.039666666666676
175,1961-08-01,-4.316000000000031
176,1961-09-01,-4.316000000000031
177,1961-10-01,-4.315999999999917
178,1961-11-01,-4.4669999999999845
179,1961-12-01,-4.4669999999999845
180,1962-01-01,-4.467000000000098
181,1962-02-01,-2.1176666666666506
182,1962-03-01,-2.1176666666666506
183,1962-04-01,-2.1176666666666506
184,1962-05-01,-2.8869999999999436
185,1962-06-01,-2.8869999999999436
186,1962-07-01,-2.8870000000000573
187,1962-08-01,-1.0843333333333476
188,1962-09-01,-1.0843333333333476
189,1962-10-01,-1.0843333333333476
190,1962-11-01,-3.1306666666666843
191,1962-12-01,-3.1306666666666843
192,1963-01-01,-3.1306666666666843
193,1963-02-01,-2.693333333333271
194,1963-03-01,-2.693333333333271
195,1963-04-01,-2.693333333333385
196,1963-05-01,-4.897333333333336
197,1963-06-01,-4.897333333333336
198,1963-07-01,-4.897333333333336
199,1963-08-01,-3.164666666666676
200,1963-09-01,-3.164666666666676
201,1963-10-01,-3.164666666666676
202,1963-11-01,-5.2946666666666715
203,1963-12-01,-5.2946666666666715
204,1964-01-01,-5.2946666666666715
205,1964-02-01,-2.9506666666666206
206,1964-03-01,-2.9506666666666206
207,1964-04-01,-2.9506666666667343
208,1964-05-01,-4.452333333333399
209,1964-06-01,-4.452333333333399
210,1964-07-01,-4.452333333333286
211,1964-08-01,-1.7626666666666324
212,1964-09-01,-1.7626666666666324
213,1964-10-01,-1.7626666666666324
214,1964-11-01,-6.823666666666668
215,1964-12-01,-6.823666666666668
216,1965-01-01,-6.823666666666668
217,1965-02-01,-4.133666666666727
218,1965-03-01,-4.133666666666727
219,1965-04-01,-4.133666666666613
220,1965-05-01,-6.377333333333354
221,1965-06-01,-6.377333333333354
222,1965-07-01,-6.37733333333324
223,1965-08-01,-7.5113333333333685
224,1965-09-01,-7.5113333333333685
225,1965-10-01,-7.511333333333255
226,1965-11-01,-7.958999999999946
227,1965-12-01,-7.958999999999946
228,1966-01-01,-7.95900000000006
229,1966-02-01,-3.082333333333395
230,1966-03-01,-3.082333333333395
231,1966-04-01,-3.082333333333395
232,1966-05-01,-4.88566666666668
233,1966-06-01,-4.88566666666668
234,1966-07-01,-4.885666666666566
235,1966-08-01,-4.554666666666662
236,1966-09-01,-4.554666666666662
237,1966-10-01,-4.554666666666662
238,1966-11-01,-3.622666666666646
239,1966-12-01,-3.622666666666646
240,1967-01-01,-3.622666666666646
241,1967-02-01,-1.6043333333333294
242,1967-03-01,-1.6043333333333294
243,1967-04-01,-1.604333333333443
244,1967-05-01,-5.416666666666629
245,1967-06-01,-5.416666666666629
246,1967-07-01,-5.4166666666667425
247,1967-08-01,-5.40199999999993
248,1967-09-01,-5.40199999999993
249,1967-10-01,-5.402000000000044
250,1967-11-01,-9.316000000000031
251,1967-12-01,-9.316000000000031
252,1968-01-01,-9.315999999999917
253,1968-02-01,-8.31899999999996
254,1968-03-01,-8.31899999999996
255,1968-04-01,-8.319000000000074
256,1968-05-01,-5.493666666666741
257,1968-06-01,-5.493666666666741
258,1968-07-01,-5.493666666666627
259,1968-08-01,-5.735000000000014
260,1968-09-01,-5.735000000000014
261,1968-10-01,-5.7349999999999
262,1968-11-01,-8.435666666666634
263,1968-12-01,-8.435666666666634
264,1969-01-01,-8.435666666666748
265,1969-02-01,-5.227666666666664
266,1969-03-01,-5.227666666666664
267,1969-04-01,-5.227666666666664
268,1969-05-01,-6.978666666666754
269,1969-06-01,-6.978666666666754
270,1969-07-01,-6.978666666666641
271,1969-08-01,-2.730333333333192
272,1969-09-01,-2.730333333333192
273,1969-10-01,-2.7303333333334194
274,1969-11-01,-4.351000000000113
275,1969-12-01,-4.351000000000113
276,1970-01-01,-4.350999999999885
277,1970-02-01,-5.3916666666666515
278,1970-03-01,-5.3916666666666515
279,1970-04-01,-5.3916666666666515
280,1970-05-01,-6.2280000000000655
281,1970-06-01,-6.2280000000000655
282,1970-07-01,-6.227999999999838
283,1970-08-01,-0.8496666666667352
284,1970-09-01,-0.8496666666667352
285,1970-10-01,-0.8496666666665078
286,1970-11-01,-15.516000000000076
287,1970-12-01,-15.516000000000076
288,1971-01-01,-15.515999999999849
289,1971-02-01,-7.038333333333412
290,1971-03-01,-7.038333333333412
291,1971-04-01,-7.038333333333185
292,1971-05-01,-7.13466666666659
293,1971-06-01,-7.13466666666659
294,1971-07-01,-7.134666666666817
295,1971-08-01,-4.207333333333281
296,1971-09-01,-4.207333333333281
297,1971-10-01,-4.207333333333509
298,1971-11-01,-13.4373333333333
299,1971-12-01,-13.4373333333333
300,1972-01-01,-13.4373333333333
301,1972-02-01,-11.920000000000073
302,1972-03-01,-11.920000000000073
303,1972-04-01,-11.919999999999845
304,1972-05-01,-8.06566666666663
305,1972-06-01,-8.06566666666663
306,1972-07-01,-8.065666666666857
307,1972-08-01,-12.779333333333398
308,1972-09-01,-12.779333333333398
309,1972-10-01,-12.77933333333317
310,1972-11-01,-16.195333333333338
311,1972-12-01,-16.195333333333338
312,1973-01-01,-16.195333333333338
313,1973-02-01,-12.132333333333463
314,1973-03-01,-12.132333333333463
315,1973-04-01,-12.132333333333236
316,1973-05-01,-6.650333333333265
317,1973-06-01,-6.650333333333265
318,1973-07-01,-6.650333333333265
319,1973-08-01,-14.150333333333265
320,1973-09-01,-14.150333333333265
321,1973-10-01,-14.150333333333492
322,1973-11-01,-4.973333333333358
323,1973-12-01,-4.973333333333358
324,1974-01-01,-4.97333333333313
325,1974-02-01,-12.94900000000007
326,1974-03-01,-12.94900000000007
327,1974-04-01,-12.94900000000007
328,1974-05-01,-9.990000000000009
329,1974-06-01,-9.990000000000009
330,1974-07-01,-9.990000000000009
331,1974-08-01,-13.217666666666673
332,1974-09-01,-13.217666666666673
333,1974-10-01,-13.217666666666446
334,1974-11-01,-5.479000000000042
335,1974-12-01,-5.479000000000042
336,1975-01-01,-5.479000000000042
337,1975-02-01,-11.912333333333208
338,1975-03-01,-11.912333333333208
339,1975-04-01,-11.912333333333436
340,1975-05-01,-19.32233333333329
341,1975-06-01,-19.32233333333329
342,1975-07-01,-19.322333333333518
343,1975-08-01,-17.33699999999999
344,1975-09-01,-17.33699999999999
345,1975-10-01,-17.337000000000216
346,1975-11-01,-19.551999999999907
347,1975-12-01,-19.551999999999907
348,1976-01-01,-19.552000000000135
349,1976-02-01,-10.615000000000009
350,1976-03-01,-10.615000000000009
351,1976-04-01,-10.615000000000009
352,1976-05-01,-11.408666666666704
353,1976-06-01,-11.408666666666704
354,1976-07-01,-11.408666666666477
355,1976-08-01,-15.904999999999973
356,1976-09-01,-15.904999999999973
357,1976-10-01,-15.904999999999973
358,1976-11-01,-18.125
359,1976-12-01,-18.125
360,1977-01-01,-18.125
361,1977-02-01,-22.420333333333474
362,1977-03-01,-22.420333333333474
363,1977-04-01,-22.420333333333247
364,1977-05-01,-20.854666666666617
365,1977-06-01,-20.854666666666617
366,1977-07-01,-20.854666666666617
367,1977-08-01,-15.265666666666675
368,1977-09-01,-15.265666666666675
369,1977-10-01,-15.265666666666675
370,1977-11-01,-12.829999999999927
371,1977-12-01,-12.829999999999927
372,1978-01-01,-12.830000000000382
373,1978-02-01,-42.95766666666668
374,1978-03-01,-42.95766666666668
375,1978-04-01,-42.95766666666623
376,1978-05-01,-21.139999999999873
377,1978-06-01,-21.139999999999873
378,1978-07-01,-21.140000000000327
379,1978-08-01,-27.298666666666577
380,1978-09-01,-27.298666666666577
381,1978-10-01,-27.29866666666703
382,1978-11-01,-16.553666666666686
383,1978-12-01,-16.553666666666686
384,1979-01-01,-16.553666666666686
385,1979-02-01,-21.545666666666875
386,1979-03-01,-21.545666666666875
387,1979-04-01,-21.54566666666642
388,1979-05-01,-25.439333333333252
389,1979-06-01,-25.439333333333252
390,1979-07-01,-25.439333333333252
391,1979-08-01,-18.772666666666737
392,1979-09-01,-18.772666666666737
393,1979-10-01,-18.772666666666282
394,1979-11-01,-21.986333333333278
395,1979-12-01,-21.986333333333278
396,1980-01-01,-21.986333333333732
397,1980-02-01,-2.5033333333335577
398,1980-03-01,-2.5033333333335577
399,1980-04-01,-2.503333333333103
400,1980-05-01,-19.710333333332983
401,1980-06-01,-19.710333333332983
402,1980-07-01,-19.710333333333438
403,1980-08-01,-43.02466666666669
404,1980-09-01,-43.02466666666669
405,1980-10-01,-43.024666666667144
406,1980-11-01,-46.216333333333296
407,1980-12-01,-46.216333333333296
408,1981-01-01,-46.21633333333284
409,1981-02-01,-12.775333333333492
410,1981-03-01,-12.775333333333492
411,1981-04-01,-12.775333333333492
412,1981-05-01,-32.69233333333341
413,1981-06-01,-32.69233333333341
414,1981-07-01,-32.69233333333341
415,1981-08-01,-6.7363333333332776
416,1981-09-01,-6.7363333333332776
417,1981-10-01,-6.736333333332823
418,1981-11-01,2.1720000000000255
419,1981-12-01,2.1720000000000255
420,1982-01-01,2.1719999999995707
421,1982-02-01,-19.223333333333358
422,1982-03-01,-19.223333333333358
423,1982-04-01,-19.223333333333358
424,1982-05-01,-11.449999999999818
425,1982-06-01,-11.449999999999818
426,1982-07-01,-11.450000000000273
427,1982-08-01,-12.079666666666526
428,1982-09-01,-12.079666666666526
429,1982-10-01,-12.079666666666526
430,1982-11-01,-23.61733333333359
431,1982-12-01,-23.61733333333359
432,1983-01-01,-23.617333333333136
433,1983-02-01,-35.14499999999998
434,1983-03-01,-35.14499999999998
435,1983-04-01,-35.14499999999998
436,1983-05-01,-36.777000000000044
437,1983-06-01,-36.777000000000044
438,1983-07-01,-36.777000000000044
439,1983-08-01,-35.17566666666653
440,1983-09-01,-35.17566666666653
441,1983-10-01,-35.17566666666653
442,1983-11-01,-37.782666666666955
443,1983-12-01,-37.782666666666955
444,1984-01-01,-37.7826666666665
445,1984-02-01,-33.848999999999705
446,1984-03-01,-33.848999999999705
447,1984-04-01,-33.84900000000016
448,1984-05-01,-24.883000000000266
449,1984-06-01,-24.883000000000266
450,1984-07-01,-24.88299999999981
451,1984-08-01,-21.433666666666795
452,1984-09-01,-21.433666666666795
453,1984-10-01,-21.433666666665886
454,1984-11-01,-27.20566666666673
455,1984-12-01,-27.20566666666673
456,1985-01-01,-27.20566666666673
457,1985-02-01,-21.57300000000032
458,1985-03-01,-21.57300000000032
459,1985-04-01,-21.57299999999941
460,1985-05-01,-30.628666666666504
461,1985-06-01,-30.628666666666504
462,1985-07-01,-30.628666666667414
463,1985-08-01,-19.10699999999997
464,1985-09-01,-19.10699999999997
465,1985-10-01,-19.10699999999997
466,1985-11-01,-21.266666666666424
467,1985-12-01,-21.266666666666424
468,1986-01-01,-21.266666666667334
469,1986-02-01,-12.481999999999971
470,1986-03-01,-12.481999999999971
471,1986-04-01,-12.481999999999971
472,1986-05-01,-20.77633333333324
473,1986-06-01,-20.77633333333324
474,1986-07-01,-20.77633333333324
475,1986-08-01,-16.652666666666846
476,1986-09-01,-16.652666666666846
477,1986-10-01,-16.652666666666846
478,1986-11-01,-21.509666666666817
479,1986-12-01,-21.509666666666817
480,1987-01-01,-21.509666666665908
481,1987-02-01,-28.001333333333605
482,1987-03-01,-28.001333333333605
483,1987-04-01,-28.001333333332695
484,1987-05-01,-26.131666666667115
485,1987-06-01,-26.131666666667115
486,1987-07-01,-26.131666666666206
487,1987-08-01,-41.14633333333313
488,1987-09-01,-41.14633333333313
489,1987-10-01,-41.14633333333404
490,1987-11-01,-21.792666666666264
491,1987-12-01,-21.792666666666264
492,1988-01-01,-21.792666666667174
493,1988-02-01,-38.88799999999992
494,1988-03-01,-38.88799999999992
495,1988-04-01,-38.88799999999992
496,1988-05-01,-30.932999999999993
497,1988-06-01,-30.932999999999993
498,1988-07-01,-30.932999999999993
499,1988-08-01,-38.89133333333302
500,1988-09-01,-38.89133333333302
501,1988-10-01,-38.89133333333393
502,1988-11-01,-37.2480000000005
503,1988-12-01,-37.2480000000005
504,1989-01-01,-37.24799999999959
505,1989-02-01,-33.73666666666668
506,1989-03-01,-33.73666666666668
507,1989-04-01,-33.73666666666668
508,1989-05-01,-27.634000000000015
509,1989-06-01,-27.634000000000015
510,1989-07-01,-27.633999999999105
511,1989-08-01,-17.290666666666766
512,1989-09-01,-17.290666666666766
513,1989-10-01,-17.290666666665857
514,1989-11-01,-41.821333333333314
515,1989-12-01,-41.821333333333314
516,1990-01-01,-41.82133333333422
517,1990-02-01,-29.10900000000038
518,1990-03-01,-29.10900000000038
519,1990-04-01,-29.10899999999947
520,1990-05-01,-18.362666666666883
521,1990-06-01,-18.362666666666883
522,1990-07-01,-18.362666666665973
523,1990-08-01,3.46100000000024
524,1990-09-01,3.46100000000024
525,1990-10-01,3.4609999999993306
526,1990-11-01,-10.14833333333354
527,1990-12-01,-10.14833333333354
528,1991-01-01,-10.14833333333354
529,1991-02-01,-30.561333333333096
530,1991-03-01,-30.561333333333096
531,1991-04-01,-30.561333333332186
532,1991-05-01,-26.358333333333576
533,1991-06-01,-26.358333333333576
534,1991-07-01,-26.358333333333576
535,1991-08-01,-19.534333333333052
536,1991-09-01,-19.534333333333052
537,1991-10-01,-19.53433333333396
538,1991-11-01,-32.85400000000027
539,1991-12-01,-32.85400000000027
540,1992-01-01,-32.85399999999936
541,1992-02-01,-35.887000000000626
542,1992-03-01,-35.887000000000626
543,1992-04-01,-35.886999999999716
544,1992-05-01,-31.959333333333234
545,1992-06-01,-31.959333333333234
546,1992-07-01,-31.959333333332324
547,1992-08-01,-38.05400000000009
548,1992-09-01,-38.05400000000009
549,1992-10-01,-38.054000000001
550,1992-11-01,-16.21866666666665
551,1992-12-01,-16.21866666666665
552,1993-01-01,-16.21866666666574
553,1993-02-01,-26.493333333333794
554,1993-03-01,-26.493333333333794
555,1993-04-01,-26.493333333332885
556,1993-05-01,-24.386333333333823
557,1993-06-01,-24.386333333333823
558,1993-07-01,-24.386333333332914
559,1993-08-01,-43.88000000000011
560,1993-09-01,-43.88000000000011
561,1993-10-01,-43.8799999999992
562,1993-11-01,-33.97133333333295
563,1993-12-01,-33.97133333333295
564,1994-01-01,-33.97133333333295
565,1994-02-01,-43.75966666666682
566,1994-03-01,-43.75966666666682
567,1994-04-01,-43.75966666666682
568,1994-05-01,-28.047999999999774
569,1994-06-01,-28.047999999999774
570,1994-07-01,-28.048000000000684
571,1994-08-01,-41.40433333333385
572,1994-09-01,-41.40433333333385
573,1994-10-01,-41.40433333333294
574,1994-11-01,-22.33366666666643
575,1994-12-01,-22.33366666666643
576,1995-01-01,-22.33366666666734
577,1995-02-01,-19.569333333332906
578,1995-03-01,-19.569333333332906
579,1995-04-01,-19.569333333332906
580,1995-05-01,-34.042666666667174
581,1995-06-01,-34.042666666667174
582,1995-07-01,-34.042666666666264
583,1995-08-01,-29.82033333333311
584,1995-09-01,-29.82033333333311
585,1995-10-01,-29.82033333333311
586,1995-11-01,-31.96066666666684
587,1995-12-01,-31.96066666666684
588,1996-01-01,-31.96066666666775
589,1996-02-01,-54.790666666666766
590,1996-03-01,-54.790666666666766
591,1996-04-01,-54.79066666666586
592,1996-05-01,-32.85599999999977
593,1996-06-01,-32.85599999999977
594,1996-07-01,-32.85600000000068
595,1996-08-01,-42.787666666667064
596,1996-09-01,-42.787666666666155
597,1996-10-01,-42.787666666667064
598,1996-11-01,-34.29466666666667
599,1996-12-01,-34.29466666666667
600,1997-01-01,-34.29466666666667
601,1997-02-01,-52.0566666666673
602,1997-03-01,-52.0566666666673
603,1997-04-01,-52.05666666666548
604,1997-05-01,-47.9993333333332
605,1997-06-01,-47.9993333333332
606,1997-07-01,-47.9993333333332
607,1997-08-01,-34.36133333333237
608,1997-09-01,-34.36133333333237
609,1997-10-01,-34.36133333333419
610,1997-11-01,-33.524333333332834
611,1997-12-01,-33.524333333332834
612,1998-01-01,-33.52433333333465
613,1998-02-01,-34.40633333333426
614,1998-03-01,-34.40633333333426
615,1998-04-01,-34.40633333333244
616,1998-05-01,-50.46600000000035
617,1998-06-01,-50.46600000000035
618,1998-07-01,-50.46599999999853
619,1998-08-01,-57.631333333332805
620,1998-09-01,-57.631333333332805
621,1998-10-01,-57.631333333334624
622,1998-11-01,-41.09100000000035
623,1998-12-01,-41.09100000000035
624,1999-01-01,-41.09100000000035
625,1999-02-01,-35.6293333333324
626,1999-03-01,-35.6293333333324
627,1999-04-01,-35.629333333334216
628,1999-05-01,-52.5679999999993
629,1999-06-01,-52.5679999999993
630,1999-07-01,-52.56800000000112
631,1999-08-01,-72.50733333333301
632,1999-09-01,-72.50733333333301
633,1999-10-01,-72.50733333333483
634,1999-11-01,-34.49300000000039
635,1999-12-01,-34.49300000000039
636,2000-01-01,-34.492999999998574
637,2000-02-01,-81.60733333333337
638,2000-03-01,-81.60733333333337
639,2000-04-01,-81.60733333333337
640,2000-05-01,-24.048666666667486
641,2000-06-01,-24.048666666667486
642,2000-07-01,-24.048666666665667
643,2000-08-01,-39.733333333333576
644,2000-09-01,-39.733333333333576
645,2000-10-01,-39.73333333333176
646,2000-11-01,-11.284666666666453
647,2000-12-01,-11.284666666666453
648,2001-01-01,-11.284666666668272
649,2001-02-01,-41.64766666666583
650,2001-03-01,-41.64766666666583
651,2001-04-01,-41.64766666666765
652,2001-05-01,0.5093333333334158
653,2001-06-01,0.5093333333334158
654,2001-07-01,0.5093333333334158
655,2001-08-01,-21.33333333333394
656,2001-09-01,-21.33333333333394
657,2001-10-01,-21.33333333333212
658,2001-11-01,-42.88600000000042
659,2001-12-01,-42.88600000000042
660,2002-01-01,-42.8859999999986
661,2002-02-01,-34.751666666667006
662,2002-03-01,-34.751666666667006
663,2002-04-01,-34.751666666667006
664,2002-05-01,-32.94800000000032
665,2002-06-01,-32.94800000000032
666,2002-07-01,-32.94800000000032
667,2002-08-01,-26.470666666666148
668,2002-09-01,-26.470666666666148
669,2002-10-01,-26.470666666666148
670,2002-11-01,-37.347999999999956
671,2002-12-01,-37.347999999999956
672,2003-01-01,-37.347999999999956
673,2003-02-01,-43.12266666666619
674,2003-03-01,-43.12266666666619
675,2003-04-01,-43.12266666666801
676,2003-05-01,-84.81700000000092
677,2003-06-01,-84.81700000000092
678,2003-07-01,-84.8169999999991
679,2003-08-01,-67.3163333333323
680,2003-09-01,-67.3163333333323
681,2003-10-01,-67.31633333333411
682,2003-11-01,-50.298000000000684
683,2003-12-01,-50.298000000000684
684,2004-01-01,-50.297999999998865
685,2004-02-01,-62.93933333333371
686,2004-03-01,-62.93933333333371
687,2004-04-01,-62.93933333333189
688,2004-05-01,-64.78433333333305
689,2004-06-01,-64.78433333333305
690,2004-07-01,-64.78433333333487
691,2004-08-01,-73.02833333333365
692,2004-09-01,-73.02833333333365
693,2004-10-01,-73.02833333333183
694,2004-11-01,-79.63733333333403
695,2004-12-01,-79.63733333333403
696,2005-01-01,-79.63733333333221
697,2005-02-01,-49.5616666666665
698,2005-03-01,-49.5616666666665
699,2005-04-01,-49.5616666666665
700,2005-05-01,-77.61700000000019
701,2005-06-01,-77.61700000000019
702,2005-07-01,-77.61700000000019
703,2005-08-01,-63.14766666666765
704,2005-09-01,-63.14766666666765
705,2005-10-01,-63.14766666666583
706,2005-11-01,-90.53900000000067
707,2005-12-01,-90.53900000000067
708,2006-01-01,-90.53899999999885
709,2006-02-01,-48.6243333333332
710,2006-03-01,-48.6243333333332
711,2006-04-01,-48.6243333333332
712,2006-05-01,-39.22099999999955
713,2006-06-01,-39.22099999999955
714,2006-07-01,-39.22099999999955
715,2006-08-01,-56.58633333333455
716,2006-09-01,-56.58633333333455
717,2006-10-01,-56.58633333333273
718,2006-11-01,-57.11366666666618
719,2006-12-01,-57.11366666666618
720,2007-01-01,-57.11366666666618
721,2007-02-01,-57.931333333333896
722,2007-03-01,-57.931333333333896
723,2007-04-01,-57.931333333333896
724,2007-05-01,-50.8799999999992
725,2007-06-01,-50.8799999999992
726,2007-07-01,-50.88000000000102
727,2007-08-01,-48.83266666666714
728,2007-09-01,-48.83266666666714
729,2007-10-01,-48.83266666666532
730,2007-11-01,10.154000000000451
731,2007-12-01,10.154000000000451
732,2008-01-01,10.154000000000451
733,2008-02-01,-51.52400000000125
734,2008-03-01,-51.52400000000125
735,2008-04-01,-51.52399999999943
736,2008-05-01,-9.858666666666977
737,2008-06-01,-9.858666666666977
738,2008-07-01,-9.858666666665158
739,2008-08-01,91.8813333333328
740,2008-09-01,91.8813333333328
741,2008-10-01,91.88133333333462
742,2008-11-01,54.998666666666395
743,2008-12-01,54.998666666666395
744,2009-01-01,54.998666666668214
745,2009-02-01,13.898999999999432
746,2009-03-01,13.898999999999432
747,2009-04-01,13.898999999999432
748,2009-05-01,-22.487333333332572
749,2009-06-01,-22.487333333332572
750,2009-07-01,-22.48733333333439
751,2009-08-01,-69.23633333333419
752,2009-09-01,-69.23633333333419
753,2009-10-01,-69.23633333333237
754,2009-11-01,-31.10966666666718
755,2009-12-01,-31.10966666666718
756,2010-01-01,-31.109666666665362
757,2010-02-01,-68.2493333333332
758,2010-03-01,-68.2493333333332
759,2010-04-01,-68.2493333333332
760,2010-05-01,-51.27299999999923
761,2010-06-01,-51.27299999999923
762,2010-07-01,-51.27300000000105
763,2010-08-01,-53.641999999999825
764,2010-09-01,-53.641999999999825
765,2010-10-01,-53.642000000001644
766,2010-11-01,-14.9950000000008
767,2010-12-01,-14.9950000000008
768,2011-01-01,-14.994999999998981
769,2011-02-01,-70.12033333333238
770,2011-03-01,-70.12033333333238
771,2011-04-01,-70.12033333333238
772,2011-05-01,-31.887000000000626
773,2011-06-01,-31.887000000000626
774,2011-07-01,-31.887000000000626
775,2011-08-01,-68.20333333333292
776,2011-09-01,-68.20333333333292
777,2011-10-01,-68.20333333333292
778,2011-11-01,-74.4326666666675
779,2011-12-01,-74.4326666666675
780,2012-01-01,-74.43266666666568
781,2012-02-01,-44.16633333333266
782,2012-03-01,-44.16633333333266
783,2012-04-01,-44.16633333333448
784,2012-05-01,-34.964666666666744
785,2012-06-01,-34.964666666666744
786,2012-07-01,-34.96466666666856
787,2012-08-01,-33.90400000000045
788,2012-09-01,-33.90400000000045
789,2012-10-01,-33.90399999999863
790,2012-11-01,-70.24266666666517
791,2012-12-01,-70.24266666666517
792,2013-01-01,-70.24266666666881
793,2013-02-01,-22.77833333333183
794,2013-03-01,-22.77833333333183
795,2013-04-01,-22.778333333335468
796,2013-05-01,-70.27400000000125
797,2013-06-01,-70.27400000000125
798,2013-07-01,-70.27399999999761
799,2013-08-01,-78.12966666666762
800,2013-09-01,-78.12966666666762
801,2013-10-01,-78.12966666666398
802,2013-11-01,-7.139333333332615
803,2013-12-01,-7.139333333332615
804,2014-01-01,-7.139333333336253
805,2014-02-01,-109.45133333333433
806,2014-03-01,-109.45133333333433
807,2014-04-01,-109.4513333333307
808,2014-05-01,-96.2493333333332
809,2014-06-01,-96.2493333333332
810,2014-07-01,-96.2493333333332
811,2014-08-01,-42.751666666667006
812,2014-09-01,-42.751666666667006
813,2014-10-01,-42.751666666667006
814,2014-11-01,-44.75533333333442
815,2014-12-01,-44.75533333333442
816,2015-01-01,-44.75533333333078
817,2015-02-01,-78.40899999999965
818,2015-03-01,-78.40899999999965
819,2015-04-01,-78.40899999999965
820,2015-05-01,-41.769333333333634
821,2015-06-01,-41.769333333333634
822,2015-07-01,-41.769333333333634
823,2015-08-01,-2.037333333333663
824,2015-09-01,-2.037333333333663
825,2015-10-01,-2.037333333333663
826,2015-11-01,-24.486000000000786
827,2015-12-01,-24.486000000000786
828,2016-01-01,-24.485999999997148
829,2016-02-01,-70.9900000000016
830,2016-03-01,-70.9900000000016
831,2016-04-01,-70.98999999999796
832,2016-05-01,-56.49666666666599
833,2016-06-01,-56.49666666666599
834,2016-07-01,-56.496666666669626
835,2016-08-01,-61.71333333333314
836,2016-09-01,-61.71333333333314
837,2016-10-01,-61.71333333333314
838,2016-11-01,-66.1826666666675
839,2016-12-01,-66.1826666666675
840,2017-01-01,-66.18266666666386
841,2017-02-01,-55.40599999999904
842,2017-03-01,-55.40599999999904
843,2017-04-01,-55.40599999999904
844,2017-05-01,-85.01833333333343
845,2017-06-01,-85.01833333333343
846,2017-07-01,-85.01833333333343
847,2017-08-01,-102.40200000000186
848,2017-09-01,-102.40200000000186
849,2017-10-01,-102.40199999999822
850,2017-11-01,-81.41633333333448
851,2017-12-01,-81.41633333333448
852,2018-01-01,-81.41633333333084
853,2018-02-01,-115.67266666666546
854,2018-03-01,-115.67266666666546
855,2018-04-01,-115.6726666666691
856,2018-05-01,-79.85833333333358
857,2018-06-01,-79.85833333333358
858,2018-07-01,-79.85833333333358
859,2018-08-01,-49.35066666666535
860,2018-09-01,-49.35066666666535
861,2018-10-01,-49.350666666668985
862,2018-11-01,-67.00766666666823
863,2018-12-01,-67.00766666666823
864,2019-01-01,-67.00766666666459
865,2019-02-01,-80.47999999999956
866,2019-03-01,-80.47999999999956
867,2019-04-01,-80.4800000000032
868,2019-05-01,-67.42433333333247
869,2019-06-01,-67.42433333333247
870,2019-07-01,-67.42433333333247
871,2019-08-01,-62.19466666666631
872,2019-09-01,-62.19466666666631
873,2019-10-01,-62.19466666666631
874,2019-11-01,63.727999999999156
875,2019-12-01,63.727999999999156
876,2020-01-01,63.728000000002794
